<?xml version="1.0" encoding="UTF-8"?>
<beans xmlns="http://www.springframework.org/schema/beans"
	xmlns:xsi="http://www.w3.org/2001/XMLSchema-instance"
	xmlns:jdbc="http://www.springframework.org/schema/jdbc"
	xmlns:tx="http://www.springframework.org/schema/tx"
	xmlns:context="http://www.springframework.org/schema/context"
	xsi:schemaLocation="http://www.springframework.org/schema/jdbc http://www.springframework.org/schema/jdbc/spring-jdbc-4.3.xsd
		http://www.springframework.org/schema/beans http://www.springframework.org/schema/beans/spring-beans.xsd
		http://www.springframework.org/schema/context http://www.springframework.org/schema/context/spring-context-4.3.xsd
		http://www.springframework.org/schema/tx http://www.springframework.org/schema/tx/spring-tx-4.3.xsd">

	<!-- 引进外部资源文件 -->	
	<context:property-placeholder location="classpath:jdbc.properties"/>
	
	<!-- 开启注解扫描，除Controller注解和ControllerAdvice 之外-->
	<context:component-scan base-package="com.li.springJpa">
		<context:exclude-filter type="annotation" 
			expression="org.springframework.stereotype.Controller"/>
		<context:exclude-filter type="annotation" 
			expression="org.springframework.web.bind.annotation.ControllerAdvice"/>
	</context:component-scan>
	
	<!-- 配置数据源 -->
	<bean id="dataSource" class="com.mchange.v2.c3p0.ComboPooledDataSource">
		<property name="user" value="${jdbc.user}"></property>
		<property name="password" value="${jdbc.password}"></property>
		<property name="driverClass" value="${jdbc.driverClass}"></property>
		<property name="jdbcUrl" value="${jdbc.jdbcUrl}"></property>
	</bean>
	
	<!-- 配置EntityManagerFactory -->
	<bean id="entityManagerFactory"
		class="org.springframework.orm.jpa.LocalContainerEntityManagerFactoryBean">
		<!-- 配置数据源 -->
		<property name="dataSource" ref="dataSource"></property>
		<!-- 配置jpa提供商的适配器，通过内部bean来配置 -->
		<property name="jpaVendorAdapter">
			<bean 
				class="org.springframework.orm.jpa.vendor.HibernateJpaVendorAdapter"></bean>
		</property>
		<!-- 配置entity所在的包的位置 -->
		<property name="packagesToScan" value="com.li.springJpa.entity"></property>
		<!-- 配置JPA 的基本属性，例如JPA的实现产品 -->
		<property name="jpaProperties">
			<props>
				<prop key="hibernate.show_sql">true</prop>
				<prop key="hibernate.format_sql">true</prop>
				<prop key="hibernate.hbm2ddl.auto">update</prop>
			</props>
		</property>
	</bean>
	
	<!-- 配置JPA使用的事务管理器 -->
	<bean id="transactionManager" 
		class="org.springframework.orm.jpa.JpaTransactionManager">
		<property name="entityManagerFactory" ref="entityManagerFactory"></property>
	</bean>
	
	<!-- 配置支持基于注解的事务管理器 -->
	<tx:annotation-driven transaction-manager="transactionManager"/>
</beans>
