<?xml version="1.0" encoding="UTF-8" ?>
<!DOCTYPE mapper
        PUBLIC "-//mybatis.org//DTD Mapper 3.0//EN"
        "http://mybatis.org/dtd/mybatis-3-mapper.dtd">
<mapper namespace="com.li.security.config.auth.MyUserDetailsMapper">

    <select id="findByUserName" resultType="com.li.security.config.auth.MyUserDetails">
        select username, password, enabled
        from sys_user
        where username = #{username} or phone = #{username}
    </select>

    <select id="findRoleByUserName" resultType="string">
        select role_code
        from sys_user u
        left join user_role ur on u.id = ur.user_id
        left join sys_role r on r.id = ur.role_id
        where u.username = #{username} or u.phone = #{username}
   </select>

    <select id="findAuthorityByRoleCodes" resultType="string">
        SELECT url FROM sys_role r
        LEFT JOIN role_menu rm ON r.id = rm.role_id
        LEFT JOIN sys_menu m ON m.id = rm.menu_id
        <where>
            <choose>
                <when test="roleCodes == null || roleCodes.size() == 0">
                    role_code = ''
                </when>
                <otherwise>
                    role_code in
                    <foreach collection="roleCodes" item="roleCode" open="(" separator=", " close=")">
                        #{roleCode}
                    </foreach>
                </otherwise>
            </choose>
        </where>
   </select>
</mapper>
