<?xml version="1.0" encoding="UTF-8" ?>
<!DOCTYPE mapper PUBLIC "-//mybatis.org//DTD Mapper 3.0//EN" "http://mybatis.org/dtd/mybatis-3-mapper.dtd">
<mapper namespace="com.li.springcloud.dao.PaymentDao">

    <insert id="addPayment" parameterType="payment" useGeneratedKeys="true" keyProperty="id">
        INSERT INTO payment(serial) VALUES (#{serial})
    </insert>

    <resultMap id="getPaymentByIdMap" type="payment">
        <id column="id" property="id"/>
        <result column="id" property="id"/>
    </resultMap>
    <select id="getPaymentById" parameterType="long" resultMap="getPaymentByIdMap">
        SELECT * FROM payment WHERE id=#{id}
    </select>
</mapper>