<?xml version="1.0" encoding="UTF-8"?>
<beans xmlns="http://www.springframework.org/schema/beans"
	xmlns:xsi="http://www.w3.org/2001/XMLSchema-instance" xmlns:context="http://www.springframework.org/schema/context"
	xmlns:jdbc="http://www.springframework.org/schema/jdbc" xmlns:tx="http://www.springframework.org/schema/tx"
	xsi:schemaLocation="http://www.springframework.org/schema/jdbc http://www.springframework.org/schema/jdbc/spring-jdbc-4.3.xsd
		http://www.springframework.org/schema/beans http://www.springframework.org/schema/beans/spring-beans.xsd
		http://www.springframework.org/schema/tx http://www.springframework.org/schema/tx/spring-tx-4.3.xsd
		http://www.springframework.org/schema/context http://www.springframework.org/schema/context/spring-context-4.3.xsd">
	<!-- 导入外部文件 -->
	<context:property-placeholder location="classpath:jdbc.properties" />

	<!-- 配置自动扫描的包 -->
	<context:component-scan base-package="com.zghky">
		<context:exclude-filter type="annotation"
			expression="org.springframework.stereotype.Controller" />
		<context:exclude-filter type="annotation"
			expression="org.springframework.web.bind.annotation.ControllerAdvice" />
	</context:component-scan>

	<!-- 配置数据源 -->
	<bean id="dataSource" class="com.alibaba.druid.pool.DruidDataSource"
		init-method="init" destroy-method="close">
		<!-- 基本属性driverClassName、 url、user、password -->
		<property name="driverClassName" value="${jdbc.driverClassName}"></property>
		<property name="url" value="${jdbc.url}"></property>
		<property name="username" value="${jdbc.username}"></property>
		<property name="password" value="${jdbc.password}"></property>

		<!-- 初始化连接数 -->
		<property name="initialSize" value="${jdbc.initialSize}"></property>
		<!-- 连接池最小空闲 -->
		<property name="minIdle" value="${jdbc.minIdle}"></property>
		<!-- 连接池最大使用连接数量 -->
		<property name="maxActive" value="${jdbc.maxActive}"></property>
		<!-- 获取连接最大等待时间 -->
		<property name="maxWait" value="${jdbc.maxWait}"></property>
		<property name="validationQuery" value="${jdbc.validationQuery}"></property>

		<!-- 取得、返回对象和空闲时是否进行验证，检查对象是否有效，默认都为false即不验证 -->
		<property name="testOnBorrow" value="${jdbc.testOnBorrow}"></property>
		<property name="testOnReturn" value="${jdbc.testOnReturn}"></property>
		<property name="testWhileIdle" value="${jdbc.testWhileIdle}"></property>

		<!-- 配置间隔多久才进行一次检测，检测需要关闭的空闲连接，单位是毫秒 -->
		<property name="timeBetweenEvictionRunsMillis" value="${jdbc.timeBetweenEvictionRunsMillis}"></property>
		<!-- 配置一个连接在池中最小生存的时间，单位是毫秒 -->
		<property name="minEvictableIdleTimeMillis" value="${jdbc.minEvictableIdleTimeMillis}"></property>

		<!-- 打开removeAbandoned功能 -->
		<property name="removeAbandoned" value="${jdbc.removeAbandoned}"></property>
		<property name="removeAbandonedTimeout" value="${jdbc.removeAbandonedTimeout}"></property>

		<!-- 关闭abanded连接时输出错误日志 -->
		<property name="logAbandoned" value="${jdbc.logAbandoned}"></property>
		<!-- 监控数据库，配置监控统计拦截的filters -->
		<property name="filters" value="${jdbc.filters}"></property>
	</bean>

	<!-- 配置事务管理器 -->
	<bean id="transactionManager"
		class="org.springframework.jdbc.datasource.DataSourceTransactionManager">
		<property name="dataSource" ref="dataSource"></property>
	</bean>

	<!-- 开启事务注解支持 -->
	<tx:annotation-driven transaction-manager="transactionManager" />

	<!-- 整合mybatis -->
	<bean id="sqlSessionFactory" class="org.mybatis.spring.SqlSessionFactoryBean">
		<!-- 指定mybatis全局配置文件的位置 -->
		<property name="configLocation" value="classpath:mybatis-conf.xml"></property>
		<!-- 指定数据源 -->
		<property name="dataSource" ref="dataSource"></property>
		<!-- 指定mapper文件的位置 -->
		<property name="mapperLocations" value="classpath:mapper/*.xml"></property>
		<!-- 指定别名处理器处理的包 -->
		<property name="typeAliasesPackage" value="com.zghky.entity"></property>
		<!-- 配置mybatis的分页插件 -->
		<property name="plugins">
        <array>
            <bean class="com.github.pagehelper.PageInterceptor">
                <property name="properties">
                    <value>
                        helperDialect=mysql
                        reasonable=true
                        supportMethodsArguments=true
                        params=count=countSql
                        autoRuntimeDialect=true
                    </value>
                </property>
            </bean>
        </array>
    </property>
	</bean>
	<!-- 扫描所有的mapper接口，让其能作为mapper接口的实现类并依赖注入 -->
	<bean class="org.mybatis.spring.mapper.MapperScannerConfigurer">
		<property name="basePackage" value="com.zghky.dao"></property>
	</bean>
</beans>
