<?xml version="1.0" encoding="UTF-8"?>
<!DOCTYPE mapper PUBLIC "-//mybatis.org//DTD Mapper 3.0//EN" "http://mybatis.org/dtd/mybatis-3-mapper.dtd">
<mapper namespace="com.zghky.waterCollection.mapper.SysMenuMapper">

  <resultMap id="BaseResultMap" type="com.zghky.waterCollection.domain.SysMenu">
    <id column="id" jdbcType="INTEGER" property="id" />
    <result column="menu_pid" jdbcType="INTEGER" property="menuPid" />
    <result column="menu_pids" jdbcType="INTEGER" property="menuPids" />
    <result column="is_leaf" jdbcType="BIT" property="isLeaf" />
    <result column="menu_name" jdbcType="VARCHAR" property="menuName" />
    <result column="url" jdbcType="VARCHAR" property="url" />
    <result column="icon" jdbcType="VARCHAR" property="icon" />
    <result column="icon_color" jdbcType="VARCHAR" property="iconColor" />
    <result column="sort" jdbcType="INTEGER" property="sort" />
    <result column="level" jdbcType="INTEGER" property="level" />
    <result column="status" jdbcType="BIT" property="status" />
    <result column="create_time" jdbcType="TIMESTAMP" property="createTime" />
    <result column="update_time" jdbcType="TIMESTAMP" property="updateTime" />
  </resultMap>

  <delete id="deleteById" parameterType="java.lang.Integer">
    delete from sys_menu
    where id = #{id,jdbcType=INTEGER}
  </delete>

  <insert id="insert" parameterType="com.zghky.waterCollection.domain.SysMenu">
    insert into sys_menu (id, menu_pid, menu_pids, 
      is_leaf, menu_name, url, 
      icon, icon_color, sort, `level`,
      status, create_time, update_time)
    values (#{id,jdbcType=INTEGER}, #{menuPid,jdbcType=INTEGER}, #{menuPids,jdbcType=INTEGER}, 
      #{isLeaf,jdbcType=BIT}, #{menuName,jdbcType=VARCHAR}, #{url,jdbcType=VARCHAR}, 
      #{icon,jdbcType=VARCHAR}, #{iconColor,jdbcType=VARCHAR}, #{sort,jdbcType=BIT}, 
      #{level,jdbcType=BIT}, #{status,jdbcType=BIT}, #{createTime,jdbcType=TIMESTAMP},
      #{updateTime,jdbcType=TIMESTAMP})
  </insert>

  <update id="updateById" parameterType="com.zghky.waterCollection.domain.SysMenu">
    update sys_menu
    set menu_pid = #{menuPid,jdbcType=INTEGER},
      menu_pids = #{menuPids,jdbcType=INTEGER},
      is_leaf = #{isLeaf,jdbcType=BIT},
      menu_name = #{menuName,jdbcType=VARCHAR},
      url = #{url,jdbcType=VARCHAR},
      icon = #{icon,jdbcType=VARCHAR},
      icon_color = #{iconColor,jdbcType=VARCHAR},
      sort = #{sort,jdbcType=BIT},
      level = #{level,jdbcType=BIT},
      status = #{status,jdbcType=BIT},
      create_time = #{createTime,jdbcType=TIMESTAMP},
      update_time = #{updateTime,jdbcType=TIMESTAMP}
    where id = #{id,jdbcType=INTEGER}
  </update>

  <select id="selectById" parameterType="java.lang.Integer" resultMap="BaseResultMap">
    select id, menu_pid, menu_pids, is_leaf, menu_name, url, icon, icon_color, sort, 
    `level`, status, create_time, update_time
    from sys_menu
    where id = #{id,jdbcType=INTEGER}
  </select>

  <select id="selectAll" resultMap="BaseResultMap">
    select m.id, m.menu_pid, m.menu_name, m.url, m.sort from sys_user u
    left join user_role ur on u.id = ur.user_id
    left join sys_role r on r.id = ur.role_id
    left join role_menu rm on r.id = rm.role_id
    left join sys_menu m on m.id = rm.menu_id
    where u.id = #{userId} and m.status = 1
  </select>

  <select id="selectByRoles" parameterType="com.zghky.waterCollection.domain.SysRole" resultMap="BaseResultMap">
    select m.id, m.menu_name
    from sys_role r
    left join role_menu rm on r.`id` = rm.role_id
    left join sys_menu m on m.id = rm.menu_id
    where m.status =  1 AND r.`id` IN
    <foreach collection="roles" item="role" open="(" close=")" separator=", ">
      #{role.id}
    </foreach>
  </select>
</mapper>