<?xml version="1.0" encoding="UTF-8"?>
<!DOCTYPE mapper PUBLIC "-//mybatis.org//DTD Mapper 3.0//EN" "http://mybatis.org/dtd/mybatis-3-mapper.dtd">
<mapper namespace="com.zghky.waterCollection.mapper.SysRoleMapper">

  <resultMap id="BaseResultMap" type="com.zghky.waterCollection.domain.SysRole">
    <id column="id" jdbcType="INTEGER" property="id" />
    <result column="role_name" jdbcType="VARCHAR" property="roleName" />
    <result column="role_code" jdbcType="VARCHAR" property="roleCode" />
    <result column="role_desc" jdbcType="VARCHAR" property="roleDesc" />
    <result column="sort" jdbcType="INTEGER" property="sort" />
    <result column="status" jdbcType="BIT" property="status" />
    <result column="create_time" jdbcType="TIMESTAMP" property="createTime" />
    <result column="update_time" jdbcType="TIMESTAMP" property="updateTime" />
  </resultMap>

  <delete id="deleteById" parameterType="java.lang.Integer">
    delete from sys_role
    where id = #{id,jdbcType=INTEGER}
  </delete>

  <insert id="insert" parameterType="com.zghky.waterCollection.domain.SysRole">
    insert into sys_role (id, role_name, role_code, 
      role_desc, sort, status, create_time, update_time
      )
    values (#{id,jdbcType=INTEGER}, #{roleName,jdbcType=VARCHAR}, #{roleCode,jdbcType=VARCHAR}, 
      #{roleDesc,jdbcType=VARCHAR}, #{sort,jdbcType=BIT}, #{status,jdbcType=BIT}, #{createTime,jdbcType=TIMESTAMP},
      #{updateTime,jdbcType=TIMESTAMP}
      )
  </insert>

  <update id="updateById" parameterType="com.zghky.waterCollection.domain.SysRole">
    update sys_role
    set role_name = #{roleName,jdbcType=VARCHAR},
      role_code = #{roleCode,jdbcType=VARCHAR},
      role_desc = #{roleDesc,jdbcType=VARCHAR},
      sort = #{sort,jdbcType=BIT},
      status = #{status,jdbcType=BIT},
      create_time = #{createTime,jdbcType=TIMESTAMP},
      update_time = #{updateTime,jdbcType=TIMESTAMP}
    where id = #{id,jdbcType=INTEGER}
  </update>

  <select id="selectById" parameterType="java.lang.Integer" resultMap="BaseResultMap">
    select id, role_name, role_code, role_desc, sort, status, create_time, update_time
    from sys_role
    where id = #{id,jdbcType=INTEGER}
  </select>

  <select id="selectAll" resultMap="BaseResultMap">
    select id, role_name, role_code, role_desc, sort, status, create_time, update_time
    from sys_role
  </select>

  <select id="selectByUserId" parameterType="java.lang.Integer" resultMap="BaseResultMap">
    select r.id, r.role_name
    from sys_user u
    left join user_role ur on u.id = ur.user_id
    left join sys_role r on r.id = ur.role_id
    where u.id = #{userId} and r.status = 1
  </select>
</mapper>