<?xml version="1.0" encoding="UTF-8"?>
<!DOCTYPE mapper PUBLIC "-//mybatis.org//DTD Mapper 3.0//EN" "http://mybatis.org/dtd/mybatis-3-mapper.dtd">
<mapper namespace="com.zghky.waterCollection.mapper.SysUserMapper">

  <resultMap id="BaseResultMap" type="com.zghky.waterCollection.domain.SysUser">
    <id column="id" jdbcType="INTEGER" property="id" />
    <result column="username" jdbcType="VARCHAR" property="username" />
    <result column="password" jdbcType="VARCHAR" property="password" />
    <result column="phone" jdbcType="VARCHAR" property="phone" />
    <result column="email" jdbcType="VARCHAR" property="email" />
    <result column="enabled" jdbcType="BIT" property="enabled" />
    <result column="create_time" jdbcType="TIMESTAMP" property="createTime" />
    <result column="update_time" jdbcType="TIMESTAMP" property="updateTime" />
  </resultMap>

  <delete id="deleteById" parameterType="java.lang.Integer">
    update sys_user
    set enabled = 0
    where id = #{id,jdbcType=INTEGER}
  </delete>

  <insert id="insert" parameterType="com.zghky.waterCollection.domain.SysUser" useGeneratedKeys="true" keyProperty="id">
    insert into sys_user (username, password,
      phone, email,
      create_time, update_time)
    values (#{username,jdbcType=VARCHAR}, #{password,jdbcType=VARCHAR},
      #{phone,jdbcType=VARCHAR}, #{email,jdbcType=VARCHAR},
      #{createTime,jdbcType=TIMESTAMP}, #{updateTime,jdbcType=TIMESTAMP})
  </insert>

  <update id="updateById" parameterType="com.zghky.waterCollection.domain.SysUser">
    update sys_user
    set username = #{username,jdbcType=VARCHAR},
      password = #{password,jdbcType=VARCHAR},
      phone = #{phone,jdbcType=VARCHAR},
      email = #{email,jdbcType=VARCHAR},
      create_time = #{createTime,jdbcType=TIMESTAMP},
      update_time = #{updateTime,jdbcType=TIMESTAMP}
    where id = #{id,jdbcType=INTEGER}
  </update>

  <select id="selectById" parameterType="java.lang.Integer" resultMap="BaseResultMap">
    select id, username, password, phone, email, enabled, create_time, update_time
    from sys_user
    where id = #{id,jdbcType=INTEGER}
  </select>

  <select id="selectAll" resultMap="BaseResultMap">
    select id, username, phone, email, create_time
    from sys_user
    <where>
      enabled = 1
      <if test="searchText != null and searchText != ''">
        <bind name="_searchText" value="'%' + searchText + '%'"/>
        and (
            username like #{_searchText} or phone like #{_searchText} or email like #{_searchText}
        )
      </if>
    </where>

  </select>

  <insert id="inserUserRole">
    insert into user_role(user_id, role_id)
    <foreach collection="roleIdList" item="roleId" open="values(" close=")" separator="), (">
      #{userId}, #{roleId}
    </foreach>
  </insert>

  <delete id="deleteUserRole">
    <foreach collection="roleIdList" item="roleId" separator=";">
      delete from user_role where user_id = #{userId} and role_id = #{roleId}
    </foreach>
  </delete>
</mapper>